episode,total_reward,length,termination_reason,final_element_count,final_resource_usage,refine_count,coarsen_count,no_change_count,refine_pct,coarsen_pct,no_change_pct,refinement_mode,refinement_level,refinement_probability,initial_elements,initial_resource_usage,element_growth_ratio
1,-876.2337782382965,61,Budget exceeded (post-adapt),0,0,20,22,19,0.32786885245901637,0.36065573770491804,0.3114754098360656,,,,,,
2,-1160.0387130975723,98,Budget exceeded (post-adapt),0,0,29,28,41,0.29591836734693877,0.2857142857142857,0.41836734693877553,,,,,,
3,-1235.8377220587718,44,Budget exceeded (pre-action),0,0,17,9,18,0.38636363636363635,0.20454545454545456,0.4090909090909091,,,,,,
4,-1168.7007078202905,47,Budget exceeded (pre-action),0,0,17,17,13,0.3617021276595745,0.3617021276595745,0.2765957446808511,,,,,,
5,-1813.5988949537277,42,Budget exceeded (post-adapt),0,0,17,15,10,0.40476190476190477,0.35714285714285715,0.23809523809523808,,,,,,
6,-1708.9561073444784,55,Budget exceeded (post-adapt),0,0,20,17,18,0.36363636363636365,0.3090909090909091,0.32727272727272727,,,,,,
7,-1796.794872215512,67,Budget exceeded (pre-action),0,0,21,19,27,0.31343283582089554,0.2835820895522388,0.40298507462686567,,,,,,
8,-1322.3930504322052,44,Budget exceeded (post-adapt),0,0,15,19,10,0.3409090909090909,0.4318181818181818,0.22727272727272727,,,,,,
9,-1657.9743185354305,75,Budget exceeded (post-adapt),0,0,24,32,19,0.32,0.4266666666666667,0.25333333333333335,,,,,,
10,-1186.3396719396114,73,Budget exceeded (pre-action),0,0,21,25,27,0.2876712328767123,0.3424657534246575,0.3698630136986301,,,,,,
11,-912.1100133135915,41,Budget exceeded (pre-action),0,0,15,12,14,0.36585365853658536,0.2926829268292683,0.34146341463414637,,,,,,
12,-1801.2072523236275,42,Budget exceeded (pre-action),0,0,19,9,14,0.4523809523809524,0.21428571428571427,0.3333333333333333,,,,,,
13,-929.5805133581161,31,Budget exceeded (pre-action),0,0,14,5,12,0.45161290322580644,0.16129032258064516,0.3870967741935484,,,,,,
14,-1454.0158962131754,80,Budget exceeded (post-adapt),0,0,26,29,25,0.325,0.3625,0.3125,,,,,,
15,-1904.079342227662,34,Budget exceeded (pre-action),0,0,12,14,8,0.35294117647058826,0.4117647058823529,0.23529411764705882,,,,,,
16,-838.7650739613118,30,Budget exceeded (pre-action),0,0,12,11,7,0.4,0.36666666666666664,0.23333333333333334,,,,,,
17,-1837.3075110912323,31,Budget exceeded (pre-action),0,0,15,8,8,0.4838709677419355,0.25806451612903225,0.25806451612903225,,,,,,
18,-1728.5329986872384,66,Budget exceeded (pre-action),0,0,18,28,20,0.2727272727272727,0.42424242424242425,0.30303030303030304,,,,,,
19,-1747.6990573620424,56,Budget exceeded (post-adapt),0,0,19,20,17,0.3392857142857143,0.35714285714285715,0.30357142857142855,,,,,,
20,-1072.686718262732,50,Budget exceeded (post-adapt),0,0,20,18,12,0.4,0.36,0.24,,,,,,
21,-1857.2557883263758,42,Budget exceeded (pre-action),0,0,19,11,12,0.4523809523809524,0.2619047619047619,0.2857142857142857,,,,,,
22,-1665.6491382420063,74,Budget exceeded (post-adapt),0,0,26,29,19,0.35135135135135137,0.3918918918918919,0.25675675675675674,,,,,,
23,-937.6409557163715,52,Budget exceeded (post-adapt),0,0,22,13,17,0.4230769230769231,0.25,0.3269230769230769,,,,,,
24,-1511.7629256684668,78,Budget exceeded (post-adapt),0,0,26,26,26,0.3333333333333333,0.3333333333333333,0.3333333333333333,,,,,,
25,-1836.3569624494994,54,Budget exceeded (post-adapt),0,0,20,17,17,0.37037037037037035,0.3148148148148148,0.3148148148148148,,,,,,
26,-1943.9735112978378,37,Budget exceeded (pre-action),0,0,16,7,14,0.43243243243243246,0.1891891891891892,0.3783783783783784,,,,,,
27,-1588.9388749865902,96,Budget exceeded (pre-action),0,0,28,43,25,0.2916666666666667,0.4479166666666667,0.2604166666666667,,,,,,
28,-1707.6562593579292,44,Budget exceeded (pre-action),0,0,21,12,11,0.4772727272727273,0.2727272727272727,0.25,,,,,,
29,-1834.9476307332516,53,Budget exceeded (pre-action),0,0,19,11,23,0.3584905660377358,0.20754716981132076,0.4339622641509434,,,,,,
30,-1745.4423308195546,51,Budget exceeded (post-adapt),0,0,22,11,18,0.43137254901960786,0.21568627450980393,0.35294117647058826,,,,,,
31,-1714.50532913208,47,Budget exceeded (pre-action),0,0,19,17,11,0.40425531914893614,0.3617021276595745,0.23404255319148937,,,,,,
32,-1739.4466022647684,49,Budget exceeded (pre-action),0,0,16,15,18,0.32653061224489793,0.30612244897959184,0.3673469387755102,,,,,,
33,-1266.2319740707994,24,Budget exceeded (post-adapt),0,0,12,6,6,0.5,0.25,0.25,,,,,,
34,-1035.2745916088898,58,Budget exceeded (pre-action),0,0,16,20,22,0.27586206896551724,0.3448275862068966,0.3793103448275862,,,,,,
35,-1301.6446724165166,84,Budget exceeded (post-adapt),0,0,21,38,25,0.25,0.4523809523809524,0.2976190476190476,,,,,,
36,-1136.8107916270674,53,Budget exceeded (pre-action),0,0,19,16,18,0.3584905660377358,0.3018867924528302,0.33962264150943394,,,,,,
37,-1535.1934066989925,48,Budget exceeded (pre-action),0,0,17,16,15,0.3541666666666667,0.3333333333333333,0.3125,,,,,,
38,-1561.607448635606,92,Budget exceeded (post-adapt),0,0,27,41,24,0.29347826086956524,0.44565217391304346,0.2608695652173913,,,,,,
39,-1862.3765314961784,32,Budget exceeded (post-adapt),0,0,14,12,6,0.4375,0.375,0.1875,,,,,,
40,-1936.9415773434139,35,Budget exceeded (post-adapt),0,0,11,18,6,0.3142857142857143,0.5142857142857142,0.17142857142857143,,,,,,
41,-1603.9317376785912,97,Budget exceeded (pre-action),0,0,28,40,29,0.28865979381443296,0.41237113402061853,0.29896907216494845,,,,,,
42,-598.8739729595143,139,Budget exceeded (post-adapt),0,0,34,66,39,0.2446043165467626,0.4748201438848921,0.2805755395683453,,,,,,
43,-924.595637011691,87,Budget exceeded (post-adapt),0,0,24,40,23,0.27586206896551724,0.45977011494252873,0.26436781609195403,,,,,,
44,84.10921061038971,57,Budget exceeded (post-adapt),0,0,22,19,16,0.38596491228070173,0.3333333333333333,0.2807017543859649,,,,,,
45,-283.06293151609134,78,Budget exceeded (pre-action),0,0,26,42,10,0.3333333333333333,0.5384615384615384,0.1282051282051282,,,,,,
46,-826.3140535652637,36,Budget exceeded (pre-action),0,0,15,16,5,0.4166666666666667,0.4444444444444444,0.1388888888888889,,,,,,
47,-1167.3269102234044,78,Budget exceeded (pre-action),0,0,21,31,26,0.2692307692307692,0.3974358974358974,0.3333333333333333,,,,,,
48,-1302.1779090966431,68,Budget exceeded (post-adapt),0,0,20,29,19,0.29411764705882354,0.4264705882352941,0.27941176470588236,,,,,,
49,-1202.2804269083244,76,Budget exceeded (pre-action),0,0,18,35,23,0.23684210526315788,0.4605263157894737,0.3026315789473684,,,,,,
50,-1048.8909205943166,59,Budget exceeded (pre-action),0,0,19,25,15,0.3220338983050847,0.423728813559322,0.2542372881355932,,,,,,
51,-185.45955156575656,137,Budget exceeded (pre-action),0,0,35,62,40,0.25547445255474455,0.45255474452554745,0.291970802919708,,,,,,
52,-1548.6130207051083,112,Budget exceeded (pre-action),0,0,30,44,38,0.26785714285714285,0.39285714285714285,0.3392857142857143,,,,,,
53,-1772.9557118580833,55,Budget exceeded (post-adapt),0,0,22,22,11,0.4,0.4,0.2,,,,,,
54,-1707.2035857877675,90,Budget exceeded (pre-action),0,0,25,44,21,0.2777777777777778,0.4888888888888889,0.23333333333333334,,,,,,
55,-1425.0084996726364,77,Budget exceeded (post-adapt),0,0,22,40,15,0.2857142857142857,0.5194805194805194,0.19480519480519481,,,,,,
56,-1733.1605033438063,49,Budget exceeded (post-adapt),0,0,21,11,17,0.42857142857142855,0.22448979591836735,0.3469387755102041,,,,,,
57,-1600.2172112043481,124,Budget exceeded (pre-action),0,0,34,56,34,0.27419354838709675,0.45161290322580644,0.27419354838709675,,,,,,
58,-1507.8986452395766,98,Budget exceeded (pre-action),0,0,27,48,23,0.2755102040816326,0.4897959183673469,0.23469387755102042,,,,,,
59,-824.4692852541048,80,Budget exceeded (pre-action),0,0,23,41,16,0.2875,0.5125,0.2,,,,,,
60,-1190.880925596163,68,Budget exceeded (pre-action),0,0,18,35,15,0.2647058823529412,0.5147058823529411,0.22058823529411764,,,,,,
61,-1806.4055476915091,42,Budget exceeded (post-adapt),0,0,17,20,5,0.40476190476190477,0.47619047619047616,0.11904761904761904,,,,,,
62,-1741.589869260788,39,Budget exceeded (post-adapt),0,0,19,11,9,0.48717948717948717,0.28205128205128205,0.23076923076923078,,,,,,
63,-1839.0747102659516,53,Budget exceeded (post-adapt),0,0,18,25,10,0.33962264150943394,0.4716981132075472,0.18867924528301888,,,,,,
64,-412.76968189623403,73,Budget exceeded (pre-action),0,0,21,29,23,0.2876712328767123,0.3972602739726027,0.3150684931506849,,,,,,
65,-1521.616843375843,41,Budget exceeded (post-adapt),0,0,17,15,9,0.4146341463414634,0.36585365853658536,0.21951219512195122,,,,,,
66,-932.7850014567375,28,Budget exceeded (pre-action),0,0,16,6,6,0.5714285714285714,0.21428571428571427,0.21428571428571427,,,,,,
67,-1893.1301590570947,28,Budget exceeded (post-adapt),0,0,13,12,3,0.4642857142857143,0.42857142857142855,0.10714285714285714,,,,,,
68,-747.958002681944,89,Budget exceeded (pre-action),0,0,26,41,22,0.29213483146067415,0.4606741573033708,0.24719101123595505,,,,,,
69,-1813.3637607097626,40,Budget exceeded (pre-action),0,0,16,13,11,0.4,0.325,0.275,,,,,,
70,471.11802060763193,87,Budget exceeded (post-adapt),0,0,24,46,17,0.27586206896551724,0.5287356321839081,0.19540229885057472,,,,,,
71,203.56792125526408,97,Budget exceeded (pre-action),0,0,25,49,23,0.25773195876288657,0.5051546391752577,0.23711340206185566,,,,,,
72,-28.50353261773762,185,Budget exceeded (pre-action),0,0,50,100,35,0.2702702702702703,0.5405405405405406,0.1891891891891892,,,,,,
73,-1864.498953593582,44,Budget exceeded (pre-action),0,0,14,23,7,0.3181818181818182,0.5227272727272727,0.1590909090909091,,,,,,
74,-1145.1428312812968,100,Budget exceeded (post-adapt),0,0,25,47,28,0.25,0.47,0.28,,,,,,
75,-882.8961728288341,135,Budget exceeded (post-adapt),0,0,29,75,31,0.21481481481481482,0.5555555555555556,0.22962962962962963,,,,,,
76,-1338.065979840353,133,Budget exceeded (pre-action),0,0,29,76,28,0.21804511278195488,0.5714285714285714,0.21052631578947367,,,,,,
77,-857.230392178265,75,Budget exceeded (pre-action),0,0,23,38,14,0.30666666666666664,0.5066666666666667,0.18666666666666668,,,,,,
78,-66.68541108607405,182,Budget exceeded (pre-action),0,0,39,105,38,0.21428571428571427,0.5769230769230769,0.2087912087912088,,,,,,
79,-670.8964564299677,138,Budget exceeded (pre-action),0,0,31,71,36,0.2246376811594203,0.5144927536231884,0.2608695652173913,,,,,,
80,1201.9868726180289,300,Maximum episode steps reached,0,0,54,183,63,0.18,0.61,0.21,,,,,,
81,1674.6464117597163,300,Maximum episode steps reached,0,0,62,173,65,0.20666666666666667,0.5766666666666667,0.21666666666666667,,,,,,
82,-871.0846146514896,86,Budget exceeded (pre-action),0,0,28,40,18,0.32558139534883723,0.46511627906976744,0.20930232558139536,,,,,,
83,-806.6111863697879,48,Budget exceeded (pre-action),0,0,15,27,6,0.3125,0.5625,0.125,,,,,,
84,-944.0976246595446,122,Budget exceeded (pre-action),0,0,31,59,32,0.2540983606557377,0.48360655737704916,0.26229508196721313,,,,,,
85,-1692.1975966065947,67,Budget exceeded (pre-action),0,0,22,32,13,0.3283582089552239,0.47761194029850745,0.19402985074626866,,,,,,
86,-570.6808776274229,60,Budget exceeded (post-adapt),0,0,19,25,16,0.31666666666666665,0.4166666666666667,0.26666666666666666,,,,,,
87,-1736.5840753882007,131,Budget exceeded (pre-action),0,0,32,64,35,0.24427480916030533,0.48854961832061067,0.26717557251908397,,,,,,
88,-1103.124356830051,82,Budget exceeded (post-adapt),0,0,22,44,16,0.2682926829268293,0.5365853658536586,0.1951219512195122,,,,,,
89,-975.5646756460192,108,Budget exceeded (pre-action),0,0,22,65,21,0.2037037037037037,0.6018518518518519,0.19444444444444445,,,,,,
90,-1629.2774238592099,243,Budget exceeded (post-adapt),0,0,50,130,63,0.205761316872428,0.5349794238683128,0.25925925925925924,,,,,,
91,-1156.3881014347498,151,Budget exceeded (pre-action),0,0,36,86,29,0.23841059602649006,0.5695364238410596,0.19205298013245034,,,,,,
92,-1483.330345494178,110,Budget exceeded (pre-action),0,0,22,74,14,0.2,0.6727272727272727,0.12727272727272726,,,,,,
93,-118.30635442677885,72,Budget exceeded (pre-action),0,0,26,33,13,0.3611111111111111,0.4583333333333333,0.18055555555555555,,,,,,
94,120.70167218870165,133,Budget exceeded (post-adapt),0,0,25,85,23,0.18796992481203006,0.6390977443609023,0.17293233082706766,,,,,,
95,538.2109787237846,300,Maximum episode steps reached,0,0,45,210,45,0.15,0.7,0.15,,,,,,
